Rank,Parent Dish Class,Frequency (Votes),Consensus (Popularity %)
1,Biryani,166,146.90%
2,Karahi,104,92.04%
3,Pulao,104,92.04%
4,Nihari,45,39.82%
5,Haleem,35,30.97%
6,Kheer,25,22.12%
7,Gulab Jamun,22,19.47%
8,Sajji,17,15.04%
9,Chicken Tikka,15,13.27%
10,Jalebi,13,11.50%
11,Zarda,12,10.62%
12,Chaat,12,10.62%
13,Chapli Kabab,11,9.73%
14,Seekh Kabab,11,9.73%
15,Samosas,11,9.73%
16,Halwa Puri,10,8.85%
17,Paratha,9,7.96%
18,Saag,9,7.96%
19,Gajar ka Halwa,9,7.96%
20,Kulfi,9,7.96%
21,Aloo Gobi,8,7.08%
22,Kebabs,8,7.08%
23,Korma,8,7.08%
24,Bhindi Masala,8,7.08%
25,Paya,8,7.08%
26,Falooda,8,7.08%
27,Pakoras,8,7.08%
28,Naan,8,7.08%
29,Ras Malai,8,7.08%
30,Gol Gappay,7,6.19%
31,Sarson ka Saag,7,6.19%
32,Malai Boti,7,6.19%
33,Fried Fish,7,6.19%
34,Sohan Halwa,7,6.19%
35,Daal Chawal,6,5.31%
36,Barfi,6,5.31%
37,Chargha,6,5.31%
38,Raita,6,5.31%
39,Dahi Baray,6,5.31%
40,Shahi Tukray,6,5.31%
41,Shami Kabab,6,5.31%
42,Roti,6,5.31%
43,Sheer Khurma,6,5.31%
44,Rabri,6,5.31%
45,Palak Paneer,5,4.42%
46,Samosa,5,4.42%
47,Katakat,5,4.42%
48,Chapshuro,5,4.42%
49,Lahori Fried Fish,5,4.42%
50,Kashmiri Chai,5,4.42%
51,Suji ka Halwa,5,4.42%
52,Bhindi,5,4.42%
53,Pakora,5,4.42%
54,Karela,5,4.42%
55,Firni,5,4.42%
56,Lamb Karahi,5,4.42%
57,Chicken Steak,4,3.54%
58,Dahi Bhalla,4,3.54%
59,Noodles,4,3.54%
60,Aloo Palak,4,3.54%
61,Aloo Baingan,4,3.54%
62,Kofta,4,3.54%
63,Lassi,4,3.54%
64,Chicken Curry,4,3.54%
65,Pani Puri,4,3.54%
66,Bun Kabab,4,3.54%
67,Daal,4,3.54%
68,Kofta Curry,4,3.54%
69,Chicken Salan,4,3.54%
70,Beef Keema,4,3.54%
71,Kulcha,4,3.54%
72,Chicken Haleem,4,3.54%
73,Kadhi,4,3.54%
74,Chicken Broast,4,3.54%
75,Siri Paye,4,3.54%
76,Dhal,4,3.54%
77,Beef Haleem,4,3.54%
78,Beef Biryani,4,3.54%
79,Tikka,4,3.54%
80,Chicken Nihari,4,3.54%
81,Dum Pukht,4,3.54%
82,Aloo Tikki,4,3.54%
83,Palak Gosht,4,3.54%
84,Chana Chaat,4,3.54%
85,Roghnni Naan,4,3.54%
86,Shami Kebab,4,3.54%
87,Taftan,4,3.54%
88,Hareesa,3,2.65%
89,Qeema,3,2.65%
90,Vegetable Salad,3,2.65%
91,Fish Pulao,3,2.65%
92,Baingan Masala,3,2.65%
93,Chinese Fish,3,2.65%
94,Aloo Methi,3,2.65%
95,Masoor Dal,3,2.65%
96,Chicken Wings,3,2.65%
97,Chicken Soup,3,2.65%
98,Fish Steam,3,2.65%
99,Chinese Chicken,3,2.65%
100,Daal Mash,3,2.65%
101,Pakoray,3,2.65%
102,Chicken Pasta,3,2.65%
103,Beef Steak,3,2.65%
104,Chapli Kebabs,3,2.65%
105,Shopan,3,2.65%
106,Karahi Gosht,3,2.65%
107,Dahi Bhallay,3,2.65%
108,Kebab,3,2.65%
109,Fish Curry,3,2.65%
110,Qorma,3,2.65%
111,Murgh Musallam,3,2.65%
112,Fish Fillet,3,2.65%
113,Chicken Masala,3,2.65%
114,Beef Karahi,3,2.65%
115,Chicken Pizza,3,2.65%
116,Besan ki Roti,3,2.65%
117,Chicken Burgers,3,2.65%
118,Aloo Pakora,3,2.65%
119,Nargisi Kofta,3,2.65%
120,Chicken Kofta,3,2.65%
121,Jheenga,3,2.65%
122,Baingan,3,2.65%
123,Fish,3,2.65%
124,Kashmiri Pulao,3,2.65%
125,Chicken Samosa,3,2.65%
126,Mix Sabzi,3,2.65%
127,Zeera Rice,3,2.65%
128,Dahi Phulkiyan,3,2.65%
129,Keema,3,2.65%
130,Peshawari Ice Cream,3,2.65%
131,Murgh Karahi,3,2.65%
132,Chicken Jalfrezi,3,2.65%
133,Peshawari Chicken Karahi,3,2.65%
134,Mutton Tikka,3,2.65%
135,Achari Gosht,3,2.65%
136,Chai,3,2.65%
137,Gulab Jaman,3,2.65%
138,Doodh Patti,3,2.65%
139,Seviyan,3,2.65%
140,Chicken Handi,3,2.65%
141,Aloo Sabzi,3,2.65%
142,Tahri,3,2.65%
143,Anda Shami Burger,3,2.65%
144,White Karahi,3,2.65%
145,Palak Chicken,3,2.65%
146,Halwa,3,2.65%
147,Fruit Chaat,3,2.65%
148,Chicken Malai Tikka,3,2.65%
149,Gajar Halwa,3,2.65%
150,Chicken Reshmi Kabab,3,2.65%
151,White Mutton Biryani,3,2.65%
152,Matka Kulfi,3,2.65%
153,Tarka Daal,3,2.65%
154,Butter Chicken,3,2.65%
155,Dampukht,3,2.65%
156,Channa Chaat,3,2.65%
157,Dahi Bhalay,3,2.65%
158,Parathas,3,2.65%
159,Bun Kebab,3,2.65%
160,Tandoori Roti,3,2.65%
161,Dumba Karahi,3,2.65%
162,Punjabi Dal,2,1.77%
163,Keema Matar,2,1.77%
164,Baingan Bharta,2,1.77%
165,Mix Daal,2,1.77%
166,Chinese Rice,2,1.77%
167,Daal Moong,2,1.77%
168,Daal ka Soup,2,1.77%
169,Chinese Chow Mein,2,1.77%
170,French Fries,2,1.77%
171,Katlama,2,1.77%
172,Omelette,2,1.77%
173,Sabzi Pulao,2,1.77%
174,Pizza,2,1.77%
175,Dal Khichdi,2,1.77%
176,Fry Fish,2,1.77%
177,Chicken Roast,2,1.77%
178,Lamb Biryani,2,1.77%
179,Chole,2,1.77%
180,Kurkuri Bhindi,2,1.77%
181,Giyaling,2,1.77%
182,Go-lee,2,1.77%
183,Diram Fitti,2,1.77%
184,Makki Di Roti,2,1.77%
185,Sarson Da Saag,2,1.77%
186,Sai Bhaji,2,1.77%
187,Chicken Tandoori,2,1.77%
188,Chicken Sajji,2,1.77%
189,Namkeen Tikka,2,1.77%
190,Mutton Salan,2,1.77%
191,Beef Stew,2,1.77%
192,Boneless Chicken,2,1.77%
193,Pakistani Bread,2,1.77%
194,Diet Chicken,2,1.77%
195,Makki Ki Roti,2,1.77%
196,Beef Kaleji,2,1.77%
197,Kashmiri Chicken Korma,2,1.77%
198,Chicken Peshawari Karahi,2,1.77%
199,Mutton Raan,2,1.77%
200,Chicken Pakwan,2,1.77%
201,Beef Burger,2,1.77%
202,Tamatar,2,1.77%
203,Pai Recipes,2,1.77%
204,Chicken Rice,2,1.77%
205,Chicken Multani,2,1.77%
206,Lemon Chicken,2,1.77%
207,Maghaz,2,1.77%
208,Masala Fish,2,1.77%
209,Mutton Gosht,2,1.77%
210,Steam Fish,2,1.77%
211,Daleem,2,1.77%
212,Grilled Chicken,2,1.77%
213,Matar,2,1.77%
214,Peshawari Chicken,2,1.77%
215,Pakistani Vegetable,2,1.77%
216,Chicken Macaroni,2,1.77%
217,Beef Namkeen Gosht,2,1.77%
218,Achari Chicken,2,1.77%
219,Barbeque,2,1.77%
220,Achari Baingan,2,1.77%
221,Chicken Nuggets,2,1.77%
222,Fish Rolls,2,1.77%
223,Anda Aur Sabzi,2,1.77%
224,Matka Biryani,2,1.77%
225,BBQ,2,1.77%
226,Chicken Almond,2,1.77%
227,Hyderabadi Chicken,2,1.77%
228,Beef Tikka,2,1.77%
229,Beef Gosht,2,1.77%
230,Karchi Beef Biryani,2,1.77%
231,Aloo,2,1.77%
232,Chicken Vegetables,2,1.77%
233,Peshawari Karahi Gosht,2,1.77%
234,Vegetables in Oven,2,1.77%
235,Dum Pukht Biryani,2,1.77%
236,Karachi Chicken,2,1.77%
237,Chicken Sticks,2,1.77%
238,Tandoori Fish,2,1.77%
239,Shahi Chicken,2,1.77%
240,Asian Lantil Soup,2,1.77%
241,Fish Tikka,2,1.77%
242,Palak Paneer Kofta,2,1.77%
243,Chicken Rolls,2,1.77%
244,Gosht Ke Kabab,2,1.77%
245,Tali Hui Fish,2,1.77%
246,Pakistani Rice,2,1.77%
247,Aloo Ka Pakora,2,1.77%
248,Dal Peshawari,2,1.77%
249,Roll,2,1.77%
250,Pakistani Chicken,2,1.77%
251,Tinda,2,1.77%
252,Chicken Cashew Nut,2,1.77%
253,Chicken Toast,2,1.77%
254,Makhni Handi,2,1.77%
255,Sabzi Gosht,2,1.77%
256,Keema Spaghetti,2,1.77%
257,Baked Meat,2,1.77%
258,Chinese Vegetable Dishes,2,1.77%
259,Fish Kabab,2,1.77%
260,Mutton Champ,2,1.77%
261,Sabzi Dishes,2,1.77%
262,Grill Fish,2,1.77%
263,Dum Pukht Machli,2,1.77%
264,Paneer Pasanda,2,1.77%
265,Chicken Khichdi,2,1.77%
266,Fish and Vegetables,2,1.77%
267,Band Gobhi,2,1.77%
268,Gajar,2,1.77%
269,Chicken Peshawari,2,1.77%
270,Machli Ka Salan,2,1.77%
271,Gobi,2,1.77%
272,Baked Fish,2,1.77%
273,Kabab,2,1.77%
274,Mutton Burra,2,1.77%
275,Fish Karahi,2,1.77%
276,Balochi Rosh,2,1.77%
277,Saag Aur Palak,2,1.77%
278,Makhandi Halwa,2,1.77%
279,Kaddu,2,1.77%
280,Fish Kebab,2,1.77%
281,Fish Cutlets,2,1.77%
282,Kofta in Palak Gravy,2,1.77%
283,Fish with Rice,2,1.77%
284,Dum Pukht Chicken,2,1.77%
285,Fish Korma,2,1.77%
286,Mutton Kaleji,2,1.77%
287,Mutton Burger,2,1.77%
288,Chicken Schezwan Rice,2,1.77%
289,Gosht Rice,2,1.77%
290,Prawns,2,1.77%
291,Roast Fish,2,1.77%
292,Steam Chicken,2,1.77%
293,Tarkay Walay Chawal,2,1.77%
294,Moong Ki Dal,2,1.77%
295,International Chicken,2,1.77%
296,Pakistani Meat,2,1.77%
297,Paneer Makhani,2,1.77%
298,Badami Chicken,2,1.77%
299,Sabziyon Ka Achar,2,1.77%
300,Chicken Gravy,2,1.77%
301,Puri,2,1.77%
302,Afghani Namkeen Gosht,2,1.77%
303,Punjabi Salad,2,1.77%
304,Kashmiri Kofta,2,1.77%
305,Malai Kofta,2,1.77%
306,Peshawari Namkeen Gosht,2,1.77%
307,Gajrela Kheer,2,1.77%
308,Breaded Chicken,2,1.77%
309,Peshawari Karahi Chicken,2,1.77%
310,Biryani and Pulao,2,1.77%
311,Mutton Keema,2,1.77%
312,Chicken Sandwichs,2,1.77%
313,Shinwari Chicken,2,1.77%
314,Beef Raan,2,1.77%
315,Beef Roast,2,1.77%
316,Chicken Chawal,2,1.77%
317,Poori Paratha,2,1.77%
318,White Chicken,2,1.77%
319,Vegetable Soup,2,1.77%
320,Gosht Ke Kofte,2,1.77%
321,Fish Masala,2,1.77%
322,Mutton Roast,2,1.77%
323,Lahori Chana,2,1.77%
324,Mutton Kofta Curry,2,1.77%
325,Moong Ki Dal Palak,2,1.77%
326,Pasanda,2,1.77%
327,Chicken Cutlets,2,1.77%
328,Fried Chicken,2,1.77%
329,Barbecue Chicken,2,1.77%
330,Beef Champ,2,1.77%
331,Persian Biryani,2,1.77%
332,Fish Kofta,2,1.77%
333,Fish Soup,2,1.77%
334,Aloo Baingan Ki Sabzi,2,1.77%
335,Gurda Kapoora,2,1.77%
336,Mushroom Dish,2,1.77%
337,Doodh Patti Chai,2,1.77%
338,Sindhi Lamb Biryani,2,1.77%
339,Mutanjan,2,1.77%
340,Chicken Pilau,2,1.77%
341,Khichdi,2,1.77%
342,Mutton Yakhni Pulao,2,1.77%
343,Aloo Keema,2,1.77%
344,Kaleji,2,1.77%
345,Kahwa,2,1.77%
346,Gola Kabab,2,1.77%
347,Lab-e-Shireen,2,1.77%
348,Patisa,2,1.77%
349,Kalakand,2,1.77%
350,Chicken Tikkas,2,1.77%
351,Gola Ganda,2,1.77%
352,Aloo Chaat,2,1.77%
353,Fish Fry,2,1.77%
354,Aloo Bukhara Chutney,2,1.77%
355,Masoor Ki Daal,2,1.77%
356,Kaali Daal,2,1.77%
357,Gol Gappa,2,1.77%
358,Chicken Mughlai,2,1.77%
359,Russian Salad,2,1.77%
360,Green Salad,2,1.77%
361,Finger Fish,2,1.77%
362,Lahori Chargha,2,1.77%
363,Chicken Tikka Boti,2,1.77%
364,Brain Masala,2,1.77%
365,Kalonji Naan,2,1.77%
366,Mughlai Handi,2,1.77%
367,Mixed Vegetable Curry,2,1.77%
368,Mutton Korma,2,1.77%
369,Tandoori Chicken,2,1.77%
370,Lamb Pulao,2,1.77%
371,Sheermaal,2,1.77%
372,Kabuli Palaw,2,1.77%
373,Mutton Handi,2,1.77%
374,Charsi Tikka,2,1.77%
375,Tika,2,1.77%
376,Diram Pitti,2,1.77%
377,Rasmalai,2,1.77%
378,Nehari,2,1.77%
379,Namkeen Gosht,2,1.77%
380,Malai Kulfi,2,1.77%
381,Halva,2,1.77%
382,Yakhni Pulao,2,1.77%
383,Royal Whole Stuffed Lamb,2,1.77%
384,Pink Kashmiri Chai,2,1.77%
385,Mughlai Beef Qorma,2,1.77%
386,Mughlai Shami Kabab,2,1.77%
387,Seasonal Mixed Vegetable Medley,2,1.77%
388,Rich Lotus Seed Halwa,2,1.77%
389,Mini Kachori,2,1.77%
390,Bottle Gourd Halwa,2,1.77%
391,Chenak-Style Spiced Tea,2,1.77%
392,Fish and Chips,2,1.77%
393,Lebanese Chicken Boti,2,1.77%
394,Chicken Yakhni Pulao,2,1.77%
395,Slow-Cooked Beef Haleem,2,1.77%
396,Crunchy Kulfi Falooda,2,1.77%
397,Spicy Aloo Bhujia,2,1.77%
398,Balochi Sajji Roast,2,1.77%
399,Cottage Cheese in Creamed Spinach,2,1.77%
400,Zesty Ginger Chicken,2,1.77%
401,Creamy Doodh Dulari,2,1.77%
402,Signature Mutton Chops,2,1.77%
403,Frontier-Style Chapli Kabab,2,1.77%
404,Tempered Yellow Lentils,2,1.77%
405,BBQ Fish Tikka,2,1.77%
406,Classic Prawn Sizzlers,2,1.77%
407,Traditional Mutton Karahi,2,1.77%
408,Whole Pomfret Fry,2,1.77%
409,White Chicken Qorma,2,1.77%
410,Prawn Tempura,2,1.77%
411,Spiced Paneer Karahi,2,1.77%
412,Spinach and Potato Curry,2,1.77%
413,Pathan-Style Chai,2,1.77%
414,Aromatic Vegetable Biryani,2,1.77%
415,Mustard Greens with Corn Roti,2,1.77%
416,Royal Mutton Pulao,2,1.77%
417,Spiced Potato Bhujia,2,1.77%
418,Lab-e-Shireen Delight,2,1.77%
419,Handi-Style Creamy Chicken,2,1.77%
420,Cherry Crunch Dessert,2,1.77%
421,Golden Gulab Jamun,2,1.77%
422,Golden Fish Fingers,2,1.77%
423,Mini Samosas,2,1.77%
424,BBQ-Grilled Beef Boti,2,1.77%
425,Creamy Malai Kofta Curry,2,1.77%
426,Chicken Spring Rolls,2,1.77%
427,Signature Chicken Karahi,2,1.77%
428,Royal Rice Kheer,2,1.77%
429,Veggie Spring Rolls,2,1.77%
430,Traditional Delhi-Style Mutton Qorma,2,1.77%
431,Mutton Bombay Biryani Royale,2,1.77%
432,Flaky Chicken Puff Pastries,2,1.77%
433,Creamy Handi Mutton,2,1.77%
434,Stuffed Chicken Kiev,2,1.77%
435,Mughlai Gola Kabab,2,1.77%
436,Chicken Bombay Biryani,2,1.77%
437,Chicken Shawarma Wraps,2,1.77%
438,Cheese-Filled Samosas,2,1.77%
439,Classic Beef Seekh Kabab,2,1.77%
440,Beef Tawa Kabab,2,1.77%
441,Choco-Biscuit Fusion,2,1.77%
442,Green Pea Pulao,2,1.77%
443,Mini Bun Kabab Sliders,2,1.77%
444,Chicken Dynamite Bites,2,1.77%
445,Rustic Mutton Kunna Curry,2,1.77%
446,Falooda Fusion Shake,2,1.77%
447,Sweet Kashmiri Pulao,2,1.77%
448,Chicken Croquettes,2,1.77%
449,Spiced Behari Strip Kabab,2,1.77%
450,Pumpkin Halwa,2,1.77%
451,Basmati Rice,2,1.77%
452,Daal Makhani,2,1.77%
453,Yakhni,2,1.77%
454,Murgh Tikka,2,1.77%
455,Gosht Karahi,2,1.77%
456,Siri-Payay,2,1.77%
457,Bannu Pulao,2,1.77%
458,Maakai Ki Roti,2,1.77%
459,Khatchauri,2,1.77%
460,Bong,2,1.77%
461,Mango Lassi,2,1.77%
462,Vegetable Biryani,2,1.77%
463,Daal Maash,2,1.77%
464,Mutton Chops,2,1.77%
465,Sarso Ka Saag,2,1.77%
466,Murgh Cholay,2,1.77%
467,Kunna Gosht,2,1.77%
468,Rogan Josh,2,1.77%
469,Bakarkhani,2,1.77%
470,Baingan Ka Bharta,2,1.77%
471,Papar,2,1.77%
472,Tikka Boti,2,1.77%
473,Beef Kabab,2,1.77%
474,Sohbat,2,1.77%
475,Mumtu,2,1.77%
476,Thukpa,2,1.77%
477,Daal Pakwan,2,1.77%
478,Mutton Rosh,2,1.77%
479,Murgh Pulao,2,1.77%
480,Tandoori Paratha,2,1.77%
481,Aloo Paratha,2,1.77%
482,Taka Tak,2,1.77%
483,Beef Seekh Kabab,2,1.77%
484,Aloo Gosht,1,0.88%
485,Chana Pulao,1,0.88%
486,Mithai,1,0.88%
487,Chicken Kebab,1,0.88%
488,Balochi Sajji,1,0.88%
489,Bhari Hui Mirchon ka Saalan,1,0.88%
490,Zeera Aloo,1,0.88%
491,Dal Chana,1,0.88%
492,Chinese Soup,1,0.88%
493,Khattay Aloo,1,0.88%
494,Spaghetti,1,0.88%
495,Kids Soup,1,0.88%
496,Stuffed Bhindi,1,0.88%
497,Keema Karela,1,0.88%
498,KFC Fried Chicken,1,0.88%
499,Dry Aloo Recipe,1,0.88%
500,Shalgam Recipe,1,0.88%
501,Beef Salad,1,0.88%
502,Chicken Salad,1,0.88%
503,Khatta Meetha Baingan Ka Bharta,1,0.88%
504,Palak Kofta,1,0.88%
505,Stuffed Baingan,1,0.88%
506,Palak Saag,1,0.88%
507,Aloo Gobi Dry,1,0.88%
508,Manchurian,1,0.88%
509,Aloo Matar Keema,1,0.88%
510,Puff,1,0.88%
511,Paneer Matar Masala,1,0.88%
512,Rolls,1,0.88%
513,Bhindi Recipe,1,0.88%
514,Shashlik,1,0.88%
515,Namak Paray,1,0.88%
516,Shimla Mirch Recipe,1,0.88%
517,Pie,1,0.88%
518,Bhindi Do Pyaza,1,0.88%
519,Baingan Ka Bhurta,1,0.88%
520,Sandwich,1,0.88%
521,Aloo Gobi Masala,1,0.88%
522,Aalo Pyaaz Timatar Ki Sabzi,1,0.88%
523,Aloo Ki Kachoriyan,1,0.88%
524,Jeera Aloo,1,0.88%
525,Shimla Mirch Gravy,1,0.88%
526,Cutlets,1,0.88%
527,Bhindi Recipes With Gravy,1,0.88%
528,Saag Recipe,1,0.88%
529,Palaak Aur Cheez Ke Koftay,1,0.88%
530,Quick Sarson Ka Saag,1,0.88%
531,Punjabi Dry Aloo Sabzi,1,0.88%
532,Lauki Curry,1,0.88%
533,Keema Bhari Shimla Mirch,1,0.88%
534,Hot and Sour Soup,1,0.88%
535,Keema Stuffed Capsicum,1,0.88%
536,Shimla Mirch Keema,1,0.88%
537,Aloo Masala Curry,1,0.88%
538,Macaroni,1,0.88%
539,Aloo Jeera,1,0.88%
540,Burgers,1,0.88%
541,Aloo Masala Gravy,1,0.88%
542,Beef Soup,1,0.88%
543,Keema Aloo,1,0.88%
544,Aloo Gravy,1,0.88%
545,Mughlai Aloo Matar,1,0.88%
546,Bhari Hoi Bhindiya,1,0.88%
547,Spicy Ladyfingers,1,0.88%
548,Seafood Salad,1,0.88%
549,Anday Aloo Ka Salan,1,0.88%
550,Lauki Ki Sabzi,1,0.88%
551,Aloo Ke Salad,1,0.88%
552,Palak Curry,1,0.88%
553,Shawarma,1,0.88%
554,Vegetable Stew,1,0.88%
555,Sabzi Mix,1,0.88%
556,Brinjal Gravy,1,0.88%
557,Aloo Masala,1,0.88%
558,Sabziyon K Chapli Kabab,1,0.88%
559,Aloo Matar Paneer,1,0.88%
560,Palak Daal,1,0.88%
561,Lauki Bahar,1,0.88%
562,Aloo Gobi Fry,1,0.88%
563,Palak Cauliflower Chicken,1,0.88%
564,Pasta,1,0.88%
565,Aloo Masala for Dosa,1,0.88%
566,Corn Soup,1,0.88%
567,Gehya Recipe,1,0.88%
568,Aloo Gobi Matar,1,0.88%
569,Sabzion Ki Karahi,1,0.88%
570,Mooli Ki Bhujia,1,0.88%
571,Mutton Soup,1,0.88%
572,Drum Sticks,1,0.88%
573,Brinjal Fry,1,0.88%
574,Aloo Matar Gobi,1,0.88%
575,Bombay Mix Chicken Sabzi,1,0.88%
576,Kabab Karahi,1,0.88%
577,Dam Pukh Bakra,1,0.88%
578,Namkeen Mutten Karahi,1,0.88%
579,Chicken Karahi Red,1,0.88%
580,Lahori Karahi,1,0.88%
581,Potato Curry,1,0.88%
582,Aloo Shimla Mirch,1,0.88%
583,Achari Aloo,1,0.88%
584,Aloo Chana Masala,1,0.88%
585,Bhindi Ki Sabzi,1,0.88%
586,Chana Palak,1,0.88%
587,Soya Aloo,1,0.88%
588,Kala Chana,1,0.88%
589,Chholay Palak,1,0.88%
590,Achari Bhindi,1,0.88%
591,Kalay Chanay,1,0.88%
592,Poori Aloo,1,0.88%
593,Sabzi Raita,1,0.88%
594,Aalu Shorba,1,0.88%
595,Aloo Gajar,1,0.88%
596,Handi,1,0.88%
597,Goat Haleem,1,0.88%
598,Chicken Makhani,1,0.88%
599,Samosa Chat,1,0.88%
600,Multani Sohan Halwa,1,0.88%
601,Karachi Haleem,1,0.88%
602,Nan Khatai,1,0.88%
603,Khushab Dhoda,1,0.88%
604,Kacha Golla,1,0.88%
605,Joqes,1,0.88%
606,Gittey,1,0.88%
607,Mamtu,1,0.88%
608,Peshawari Kebab,1,0.88%
609,Shabdeg,1,0.88%
610,Seviyaan,1,0.88%
611,Chicken Fingers,1,0.88%
612,Bali Soup,1,0.88%
613,Murgh Balti,1,0.88%
614,Vegetable Samosa,1,0.88%
615,Jhinga Masala,1,0.88%
616,Bakray Ki Champ,1,0.88%
617,Machhli Ka Salan,1,0.88%
618,Murgh Musallum,1,0.88%
619,Chicken Chapli Kabab,1,0.88%
620,Mulligatawny,1,0.88%
621,Murgh Malai Kabab,1,0.88%
622,Zafrani Malai Boti,1,0.88%
623,Jhinga Til Tinka,1,0.88%
624,Paneer Pakora,1,0.88%
625,The Pakistani Platter,1,0.88%
626,Tawa Fry Machhli,1,0.88%
627,Murgh Masala Yakhni,1,0.88%
628,Paneer Tikka,1,0.88%
629,Chicken Ginger Masala,1,0.88%
630,Chicken Behari Kabab,1,0.88%
631,Machhli Tikka,1,0.88%
632,BBQ Boti,1,0.88%
633,Tawa Hara Piyaz Qeema,1,0.88%
634,Chicken Khopra Soup,1,0.88%
635,Jhinga Seekh,1,0.88%
636,Kadin Kebab,1,0.88%
637,Roast Mutton,1,0.88%
638,Chicken Paratha Rolls,1,0.88%
639,Rosh,1,0.88%
640,Landhi,1,0.88%
641,Anda Shami Burgers,1,0.88%
642,Achar,1,0.88%
643,Chola Chaat,1,0.88%
644,Chicken Reshmi Handi,1,0.88%
645,Singaporean Rice,1,0.88%
646,Sabzi,1,0.88%
647,Khowsuey,1,0.88%
648,Chutney,1,0.88%
649,Bhuna Salan,1,0.88%
650,Chinese Gosht,1,0.88%
651,Gajrela With Khoya,1,0.88%
652,Murgh Lahori,1,0.88%
653,BBQ Fish,1,0.88%
654,Punjabi Biryani,1,0.88%
655,Punjabi Breakfast,1,0.88%
656,Jheenga And Prawns,1,0.88%
657,Meethe Chawal,1,0.88%
658,Fried Gosht Recipes,1,0.88%
659,Paneer Lahori,1,0.88%
660,Chinese Food,1,0.88%
661,Chinese Beef,1,0.88%
662,Chana,1,0.88%
663,Daal Chana,1,0.88%
664,Beef Nihari,1,0.88%
665,Beef Korma,1,0.88%
666,Beef Chili Dry,1,0.88%
667,BBQ Beef Bites,1,0.88%
668,Balushahi,1,0.88%
669,Boondi,1,0.88%
670,Gulabjamun,1,0.88%
671,Chopshoro,1,0.88%
672,Chopshuro,1,0.88%
673,Garma,1,0.88%
674,Hoi Lo Garma,1,0.88%
675,Kachumber Salad,1,0.88%
676,Pilau,1,0.88%
677,Yakhni Pilau,1,0.88%
678,Peas Pilau,1,0.88%
679,Prawn Pilau Biryani,1,0.88%
680,Green Tea,1,0.88%
681,Mutton Chanay,1,0.88%
682,Pakistani BBQ,1,0.88%
683,Mutton and Beef BBQ,1,0.88%
684,Kashmiri Harisa,1,0.88%
685,Pasandon Ka Korma,1,0.88%
686,Punjabi Malai Kofta,1,0.88%
687,Fried Gosht,1,0.88%
688,Koftay Aur Maash Ki Daal,1,0.88%
689,Handi Pasanday,1,0.88%
690,Dosa,1,0.88%
691,Paneer Lahore,1,0.88%
692,Chicken Palak Paneer,1,0.88%
693,Murgh Dal Chana Curry,1,0.88%
694,Lal Qila Haleem,1,0.88%
695,Peshawari Chana Masala,1,0.88%
696,Daal Murgh,1,0.88%
697,Pakistani Chicken Biryani,1,0.88%
698,Hara Masala Anday Cholay,1,0.88%
699,Kari,1,0.88%
700,White Pasanda Karahi,1,0.88%
701,Tea,1,0.88%
702,Pakistani Keema,1,0.88%
703,Hyderabadi Meethi Dal,1,0.88%
704,Chatpati Haleem,1,0.88%
705,Kaju Pasande,1,0.88%
706,Gola Kabab Karahi,1,0.88%
707,Peshawari Tikka,1,0.88%
708,Different Chicken,1,0.88%
709,Murgh Lahore,1,0.88%
710,Fish BBQ,1,0.88%
711,Mutton and Beef,1,0.88%
712,Dal Gosht Gravy,1,0.88%
713,Egg,1,0.88%
714,Chole Samose,1,0.88%
715,Avocado in Pakistan Taste,1,0.88%
716,Sabzi Kabab,1,0.88%
717,Sarsong Ka Saag,1,0.88%
718,Badami Pasanda,1,0.88%
719,Kaleji Maghaz Fry,1,0.88%
720,Peshawari Chapli Kabab,1,0.88%
721,Dal Anday Wala Bun Kabab,1,0.88%
722,Khasta Kachori,1,0.88%
723,Shahi Chicken Korma,1,0.88%
724,Lahori Mutton Karahi,1,0.88%
725,Kachori,1,0.88%
726,Nankhatai,1,0.88%
727,Fry Keema,1,0.88%
728,Kacha Keema Kabab,1,0.88%
729,Tawa Gola Kabab,1,0.88%
730,Pyaz Ke Pakoray,1,0.88%
731,Keema Naan,1,0.88%
732,Eid Wali Kachori,1,0.88%
733,Laccha Pakora,1,0.88%
734,Tikkas,1,0.88%
735,Kulfa,1,0.88%
736,Karachi Halwa,1,0.88%
737,Sohan Papdi,1,0.88%
738,Shahi Tukra,1,0.88%
739,Shikanjabeen,1,0.88%
740,Shikanjvi,1,0.88%
741,Chicken Boti,1,0.88%
742,Anda Paratha,1,0.88%
743,Paya Curry,1,0.88%
744,Paratha Rolls,1,0.88%
745,Kebab Paratha,1,0.88%
746,Tandoori Naan,1,0.88%
747,Pakistani Style Kali Dal,1,0.88%
748,Mooli,1,0.88%
749,Chali,1,0.88%
750,Paan,1,0.88%
751,Chicken Dahi,1,0.88%
752,Kashmoor Salad,1,0.88%
753,Mix Platter B.B.Q-2,1,0.88%
754,Dal Mix Fry,1,0.88%
755,Pakistani Trotters Curry,1,0.88%
756,Mutton Shanwari,1,0.88%
757,Kadi Pakora,1,0.88%
758,Anda Kofta,1,0.88%
759,Pakistani Kalmi Tikka,1,0.88%
760,Pakistani Mix Grill,1,0.88%
761,Chicken Shanwari,1,0.88%
762,Chicken Shahi,1,0.88%
763,Aaloo Palak,1,0.88%
764,Mutton Boti,1,0.88%
765,Aloo Chicken,1,0.88%
766,Chicken Tikka Piece,1,0.88%
767,Sada Paratha,1,0.88%
768,Dal Mash Fry,1,0.88%
769,Pakistani Omelet,1,0.88%
770,Aloo Arbi,1,0.88%
771,Mutton Paya,1,0.88%
772,Beak Karahi,1,0.88%
773,Aloo Begin,1,0.88%
774,Mutton White,1,0.88%
775,Vegetable Mix,1,0.88%
776,Dal Channa Fry,1,0.88%
777,Chicken Jelfrezi,1,0.88%
778,Aloo Anda,1,0.88%
779,Shahi Daal,1,0.88%
780,Mix Platter B.B.Q-1,1,0.88%
781,Mix Veg Pulao,1,0.88%
782,Garlic Naan,1,0.88%
783,Mutton Dum Pukh,1,0.88%
784,Chicken 65,1,0.88%
785,Tandoori Champ Masala Gravy,1,0.88%
786,Kabab Masala,1,0.88%
787,Masala Kaleji,1,0.88%
788,Hyderabadi Khatti Daal With Gosht,1,0.88%
789,Rezala Chicken,1,0.88%
790,Afghani Keema,1,0.88%
791,Kalmi Tikka,1,0.88%
792,Kali Mirch Mutton Karahi,1,0.88%
793,Karelay Gosht,1,0.88%
794,Hunzai Handi,1,0.88%
795,Smoky Tandoori Chicken Biryani,1,0.88%
796,Mutton Do Pyaza,1,0.88%
797,Shaljam Gosht,1,0.88%
798,Daal Chana Pulao,1,0.88%
799,Kadhi Phulki,1,0.88%
800,Masala Bhindi Fry,1,0.88%
801,Panjeeri,1,0.88%
802,Saag Paneer,1,0.88%
803,Ishto,1,0.88%
804,Goat and Bell Pepper Curry,1,0.88%
805,Honey Ginger Chicken,1,0.88%
806,Goat Karahi,1,0.88%
807,Chicken Saag,1,0.88%
808,Yakhni Chicken Pulao,1,0.88%
809,Dahi Bara,1,0.88%
810,Matar Paneer,1,0.88%
811,Panjiri,1,0.88%
812,Chicken Mayo Sandwich,1,0.88%
813,Beef Curry,1,0.88%
814,Chicken Manchurian,1,0.88%
815,Beef Kofta Curry,1,0.88%
816,Rajma Masala,1,0.88%
817,Goat Korma,1,0.88%
818,Torai Ki Sabzi,1,0.88%
819,Istu,1,0.88%
820,Maash Ki Dal,1,0.88%
821,Goat Pulao,1,0.88%
822,Toriyan,1,0.88%
823,Bhindi Fry,1,0.88%
824,Vegetable Raita,1,0.88%
825,Fried Rice,1,0.88%
826,Keema Samosa,1,0.88%
827,Chilli Chicken,1,0.88%
828,Chana Dal,1,0.88%
829,Lamb Korma,1,0.88%
830,Chicken Shashlik,1,0.88%
831,Keema Curry,1,0.88%
832,Moong Dal,1,0.88%
833,Shinwari Lamb Karahi,1,0.88%
834,Rice Haleem,1,0.88%
835,Shinwari Mutton Karahi,1,0.88%
836,Peshawari Chapli Kebabs,1,0.88%
837,Shinwari Chicken Karahi,1,0.88%
838,Lamb Handi,1,0.88%
839,Curries,1,0.88%
840,Buttering Doudo,1,0.88%
841,Molida,1,0.88%
842,Buroshapik/Ghilmindi,1,0.88%
843,Gyalng/Gral,1,0.88%
844,Tumoro Tea,1,0.88%
845,Hoilo Garma,1,0.88%
846,Naran Style Fried Trout,1,0.88%
847,Boneless Chicken Karahi,1,0.88%
848,Anarkali Ka Falooda,1,0.88%
849,Channae,1,0.88%
850,Hunzai Cuisine,1,0.88%
851,Hui Garma,1,0.88%
852,Kpk Cuisine,1,0.88%
853,Pathorae,1,0.88%
854,Dumplings,1,0.88%
855,Lentils,1,0.88%
856,Hunzai Street Food,1,0.88%
857,Halwas,1,0.88%
858,Hunzai Breakfast,1,0.88%
859,Hunzai Pancakes,1,0.88%
860,Makki Ki Roti Tart,1,0.88%
861,Keema Paratha,1,0.88%
862,Missi Roti,1,0.88%
863,Palak Pakora,1,0.88%
864,Beef Boti Kebab,1,0.88%
865,Charsi Karahi,1,0.88%
866,Peach Chutney,1,0.88%
867,Lahori Fish,1,0.88%
868,Spinach Pakora,1,0.88%
869,Chapati,1,0.88%
870,Dal Makhani,1,0.88%
871,Paya Soup,1,0.88%
872,Kaak,1,0.88%
873,Dumpukht,1,0.88%
874,Landi,1,0.88%
875,Khadi Kabab,1,0.88%
876,Kunda Gosht,1,0.88%
877,Special Qorma,1,0.88%
878,Samosa Shots,1,0.88%
879,Tandoori BBQ Platters,1,0.88%
880,Indian Chinese Chicken Fried Rice,1,0.88%
881,Milk Barfi,1,0.88%
882,Almond Cake,1,0.88%
883,Chicken Methi Qeema,1,0.88%
884,White Chicken Curry,1,0.88%
885,Chicken Karahi Qeema,1,0.88%
886,Chicken Qeema,1,0.88%
887,Karahi Chicken,1,0.88%
888,Aloo Qeema,1,0.88%
889,Gajrella,1,0.88%
890,Biryanis,1,0.88%
891,Dal Gosht,1,0.88%
892,Baingan Gosht,1,0.88%
893,Bhuna Gosht Masala,1,0.88%
894,Bhuna Chana Masala,1,0.88%
895,Malai Boneless Chicken Karahi,1,0.88%
896,Punjabi Prawn Masala Curry,1,0.88%
897,Egg Halwa,1,0.88%
898,Chicken Dopiaza,1,0.88%
899,Pabda Fish Bhuna Curry,1,0.88%
900,Chicken Karahi Keema,1,0.88%
901,Achari Aloo Ki Bhujia,1,0.88%
902,Pakistani Chicken Pilau,1,0.88%
903,Phali Gosht,1,0.88%
904,Hariyali Chicken,1,0.88%
905,Aloo Ki Tikki,1,0.88%
906,Tadka Dal,1,0.88%
907,Leftover Rice Kheer,1,0.88%
908,Tadka Daal,1,0.88%
909,Cholay,1,0.88%
910,Chicken Bhuna Masala,1,0.88%
911,Maash Ki Daal,1,0.88%
912,Pakistani Karahi Keema,1,0.88%
913,Pakistani Kofta Curry,1,0.88%
914,Aloo Chana Curry,1,0.88%
915,Vegetable Fried Rice,1,0.88%
916,Coconut Rice Pilaf,1,0.88%
917,Beef Rice Bowl,1,0.88%
918,Saffron Infused Pulao,1,0.88%
919,Lentil Biryani,1,0.88%
920,Mushroom Rice Casserole,1,0.88%
921,Sagudana Kheer,1,0.88%
922,Sewaiyan,1,0.88%
923,Sheer Khorma,1,0.88%
924,Pilaf,1,0.88%
925,Panipuri,1,0.88%
926,Spiced Malaysian Rice Bowl,1,0.88%
927,Live Kunafa,1,0.88%
928,Layered Singaporean Fusion Rice,1,0.88%
929,Assorted Swiss Rolls,1,0.88%
930,Fudge Brownie,1,0.88%
931,Velvety Cream Caramel,1,0.88%
932,Live Jalebi,1,0.88%
933,Gourmet Cake Medley,1,0.88%
934,Indo-Chinese Chicken Fried Rice,1,0.88%
935,Chana Daal,1,0.88%
936,Dal Palak,1,0.88%
937,Prawn Karhai,1,0.88%
938,Kheema,1,0.88%
939,Shaami Kebab,1,0.88%
940,Kaari Chawal,1,0.88%
941,Channa,1,0.88%
942,Kashmiri Tea,1,0.88%
943,Gulabi Chai,1,0.88%
944,Mooli Paratha,1,0.88%
945,Fish Pakoras,1,0.88%
946,Lobia Daal,1,0.88%
947,Peas Pulao,1,0.88%
948,Chicken Tikka Biryani,1,0.88%
949,Fish Tahiri,1,0.88%
950,Chicken Malai Boti Pulao,1,0.88%
951,Karhayi Biryani,1,0.88%
952,Dates Lassi,1,0.88%
953,Peach Lassi,1,0.88%
954,Namkeen Lassi,1,0.88%
955,Strawberry Lassi,1,0.88%
956,Harisa,1,0.88%
957,Naan Kabab,1,0.88%
958,Lahori Harisa,1,0.88%
959,Lahori Butt Mutton Karahi,1,0.88%
960,Lahori Butt Karahi,1,0.88%
961,Chicken Sejji,1,0.88%
962,Kadoo,1,0.88%
963,Gajar Aaloo Matar Sabzi,1,0.88%
964,Kachnaar,1,0.88%
965,Aloo Vala Naan,1,0.88%
966,Daal Makhni,1,0.88%
967,Shakar Vala Parontha,1,0.88%
968,Vaysan Vala Naan,1,0.88%
969,Curry Pakora,1,0.88%
970,Bhoora,1,0.88%
971,Masala Stuffed Karaylay,1,0.88%
972,Masla Stuffed Tinday,1,0.88%
973,Bihari Kebab,1,0.88%
974,Chargah,1,0.88%
975,Achar Gosht,1,0.88%
976,Chatpati Vegetables,1,0.88%
977,Masoor Daal Pulao,1,0.88%
978,Loki Gosht,1,0.88%
979,Lentils and Rice,1,0.88%
980,Mutton Curry,1,0.88%
981,Mix Vegetable Pulao,1,0.88%
982,Tawa Qeema,1,0.88%
983,Karhai Gosht,1,0.88%
984,Shab Degh,1,0.88%
985,Aloo Ki Sabzi,1,0.88%
986,Tori Sabzi,1,0.88%
987,Meat Stew,1,0.88%
988,Vegetable Pakora Curry,1,0.88%
989,Daal Tadka,1,0.88%
990,Trout Fish,1,0.88%
991,Kachi Lassi,1,0.88%
992,Basen Ki Roti,1,0.88%
993,Kabuli Palao,1,0.88%
994,Prawns Masala,1,0.88%
995,Khichidi,1,0.88%
996,Chiray,1,0.88%
997,Sarsun Ka Saag & Makki Ki Roti,1,0.88%
998,Kata Kat,1,0.88%
999,Romali Roti,1,0.88%
1000,Anday Wala Burger,1,0.88%
1001,Lukum Dany,1,0.88%
1002,Warqi,1,0.88%
1003,Andrasa,1,0.88%
1004,Gil-e-Firdaus,1,0.88%
1005,Pan Pera,1,0.88%
1006,Paplet Fish Fry,1,0.88%
1007,Berckuzh / Chapshoro,1,0.88%
1008,Masalay Bhare Tinday,1,0.88%
1009,Tandori Roti,1,0.88%
1010,Pheniyan,1,0.88%
1011,Aush,1,0.88%
1012,Shurukut Ulak,1,0.88%
1013,Badam Ka Sharbat,1,0.88%
1014,Thandai / Sardai,1,0.88%
1015,Chikar Cholay,1,0.88%
1016,Rizala,1,0.88%
1017,Aushak,1,0.88%
1018,Phitti,1,0.88%
1019,Metha Paan,1,0.88%
1020,Khaddi Kabab,1,0.88%
1021,Gurdh Waly Chawal,1,0.88%
1022,Lemon Soda,1,0.88%
1023,Khalis Dahi,1,0.88%
1024,Naan Khatai,1,0.88%
1025,Gol Gappay or Pani Puri,1,0.88%
1026,Satu,1,0.88%
1027,Rabri Doodh,1,0.88%
1028,Pan Ice Cream,1,0.88%
1029,Nimco,1,0.88%
1030,Meethi Seviyan,1,0.88%
1031,Pathore,1,0.88%
1032,Alo Bukhary Ki Chutney,1,0.88%
1033,Soup,1,0.88%
1034,Basen Wala Naan,1,0.88%
1035,Falsa Juice,1,0.88%
1036,Luki Ka Halwa,1,0.88%
1037,Namak Para,1,0.88%
1038,Pasanday,1,0.88%
1039,Imartis,1,0.88%
1040,Pamir Cuisine,1,0.88%
1041,Neembu Pani / Squenjbeen,1,0.88%
1042,Achaar,1,0.88%
1043,Khopra Pak,1,0.88%
1044,Imli Alo Bukhara Sharbat,1,0.88%
1045,Shakarkandi,1,0.88%
1046,Sultani Daal,1,0.88%
1047,Arvi Gosht,1,0.88%
1048,Raan Roast,1,0.88%
1049,Macchli,1,0.88%
1050,Ravri,1,0.88%
1051,Gyalng or Go-lee,1,0.88%
1052,Anda Ghotala,1,0.88%
1053,Phirni,1,0.88%
1054,Kaleji Kabab,1,0.88%
1055,Modur Palao,1,0.88%
1056,Khoya Khajoor,1,0.88%
1057,Tarbooz E Afza,1,0.88%
1058,Tud Tud Bhata,1,0.88%
1059,Dahi Phulki,1,0.88%
1060,Gachak,1,0.88%
1061,Bhutta,1,0.88%
1062,Rus Malai,1,0.88%
1063,Ladu Peethi,1,0.88%
1064,Roth,1,0.88%
1065,Zeera Sharbat,1,0.88%
1066,Mantu,1,0.88%
1067,Gulabi Chai / Kashmiri Chai,1,0.88%
1068,Palao,1,0.88%
1069,Mircho Ka Salan,1,0.88%
1070,Crab Claw,1,0.88%
1071,Sabaz Chai,1,0.88%
1072,Batair,1,0.88%
1073,Ghular Jamun,1,0.88%
1074,Bihari Kabab,1,0.88%
1075,Ganay Ki Roh,1,0.88%
1076,Qeema Bhare Karelay,1,0.88%
1077,Khubani Ki Chutney,1,0.88%
1078,Balu Shahi,1,0.88%
1079,Pakora Kadhi,1,0.88%
1080,Meethi Tikkiyan,1,0.88%
1081,Twist Puff Pastry,1,0.88%
1082,Shopan / Joqes,1,0.88%
1083,Pathay Ka Halwa,1,0.88%
1084,Chaanp,1,0.88%
1085,Saji,1,0.88%
1086,Cream Fruit Chaat,1,0.88%
1087,Murabba,1,0.88%
1088,Qehwa,1,0.88%
1089,Shakes,1,0.88%
1090,Dalcha,1,0.88%
1091,Kachnar Gosht,1,0.88%
1092,Jaleebi,1,0.88%
1093,Zamin Doz Machhli,1,0.88%
1094,Cham Cham,1,0.88%
1095,Shab-Daig,1,0.88%
1096,Gurday Kapooray,1,0.88%
1097,Lukhmi,1,0.88%
1098,Ghiya Kadu,1,0.88%
1099,Raho Machli,1,0.88%
1100,Teetar,1,0.88%
1101,Tamatar Ki Chutney,1,0.88%
1102,Daal Ka Halwa,1,0.88%
1103,Ladu,1,0.88%
1104,Khoya Kulfi,1,0.88%
1105,Bun Sheermaal,1,0.88%
1106,Tawa Piece,1,0.88%
1107,Kulfa Falooda,1,0.88%
1108,Kachori With Aloo Ki Bhujiya,1,0.88%
1109,Loki Ka Raita,1,0.88%
1110,Chicken Makhni,1,0.88%
1111,Tandoori Chargha,1,0.88%
1112,Methi Lassi,1,0.88%
1113,Aloo Ki Tarkari,1,0.88%
1114,Bong Paye,1,0.88%
1115,Bolani,1,0.88%
1116,Shakar Pary,1,0.88%
1117,Hari Chutney,1,0.88%
1118,Gatta Candy,1,0.88%
1119,Kadak Chai,1,0.88%
1120,Murgh-e-Musalam,1,0.88%
1121,Dhaagywale Kabab,1,0.88%
1122,Ojri Curry,1,0.88%
1123,Pratha Rolls,1,0.88%
1124,Imli Ki Chutney,1,0.88%
1125,Dowdo Soup,1,0.88%
1126,Habshi Halwa,1,0.88%
1127,Sujhi Ka Halwa,1,0.88%
1128,Samosa Aloo,1,0.88%
1129,Doodh Soda,1,0.88%
1130,Anda Pratha,1,0.88%
1131,Rasgulla,1,0.88%
1132,Chikki Mraunda,1,0.88%
1133,Maal Pura,1,0.88%
1134,Braised Beef,1,0.88%
1135,Mutton Masala Sajji,1,0.88%
1136,Mutton,1,0.88%
1137,Chicken Namkeen Karahi,1,0.88%
1138,Lamb Handi Boneless,1,0.88%
1139,Chicken,1,0.88%
1140,Curry,1,0.88%
1141,Mutton Cuts,1,0.88%
1142,Chicken Makhani Sajji,1,0.88%
1143,Pakistani Beef Nihari,1,0.88%
1144,Strawberry Cake,1,0.88%
1145,Date Pudding,1,0.88%
1146,Kofty Anday,1,0.88%
1147,Gobi Ghost,1,0.88%
1148,Muttor Qeema,1,0.88%
1149,Chicken Bbq Pieces,1,0.88%
1150,Chicken Malai Handi,1,0.88%
1151,Potato Salad,1,0.88%
1152,Mutton Nihari,1,0.88%
1153,Bread Pudding,1,0.88%
1154,Chargha Biryani,1,0.88%
1155,Saeson Ka Saag,1,0.88%
1156,Achaar Gosht,1,0.88%
1157,Vegetarian Patties,1,0.88%
1158,Chana Bhaji,1,0.88%
1159,Alo Bukhara Chatni,1,0.88%
1160,Mutton Qorma,1,0.88%
1161,Oreo Delight,1,0.88%
1162,Beef Chappal Kabab,1,0.88%
1163,Afghani Pulao,1,0.88%
1164,Chicken Qorma,1,0.88%
1165,Macaroni Salad,1,0.88%
1166,Samosy,1,0.88%
1167,Mutton Chanp Masala,1,0.88%
1168,Banana Bread,1,0.88%
1169,Chappal Kabab,1,0.88%
1170,Ice Cream,1,0.88%
1171,Andaa Shami Burgers,1,0.88%
1172,Tuscon Chicken Pasta,1,0.88%
1173,White Chicken Karahi,1,0.88%
1174,Palak Ghost,1,0.88%
1175,Chicken Pakory,1,0.88%
1176,Chanp Masala,1,0.88%
1177,Chicken Murgh Musalam,1,0.88%
1178,Chicken Steam Roast,1,0.88%
1179,Chocolate Fudge Cake With Ice Cream,1,0.88%
1180,Fruit Salad,1,0.88%
1181,Mint Chutni,1,0.88%
1182,Chicken Steaks in White Sauce,1,0.88%
1183,Kabli Pulao,1,0.88%
1184,Chicken and Vegetable Noodles,1,0.88%
1185,Vegetable Cutluts,1,0.88%
1186,Baked Pasta,1,0.88%
1187,Chicken Kofty Anday,1,0.88%
1188,Boondi Raita,1,0.88%
1189,Kari Pakora,1,0.88%
1190,Fries,1,0.88%
1191,Beef Boti,1,0.88%
1192,Desi Chicken Roast,1,0.88%
1193,Handi Sekh Kabab,1,0.88%
1194,Chicken Sandwiches,1,0.88%
1195,Champ Masala,1,0.88%
1196,Chicken Broast With Fries,1,0.88%
1197,Achari Handi,1,0.88%
1198,Cream Salad,1,0.88%
1199,Boneless Handi,1,0.88%
1200,Cheese Cake,1,0.88%
1201,Gola Kebab,1,0.88%
1202,Dahi Phukliyaan,1,0.88%
1203,Parathay,1,0.88%
1204,Kari Pakoray,1,0.88%
1205,Fruit Trifle,1,0.88%
1206,Warm Bread Pudding,1,0.88%
1207,Chicken Roast with Steamed Vegetables,1,0.88%
1208,Aloo Bhaji,1,0.88%
1209,Dahi Bhaly,1,0.88%
1210,Chicken Shwarma,1,0.88%
1211,Rabri Kheer,1,0.88%
1212,Mattar Pulao,1,0.88%
1213,Kari Gravy,1,0.88%
1214,Kari Chawal,1,0.88%
1215,Thadal,1,0.88%
1216,Camel Pulao,1,0.88%
1217,Pallo Machi,1,0.88%
1218,Noon Chai,1,0.88%
1219,Apricot Stew,1,0.88%
1220,Bannu Beef Pulao,1,0.88%
1221,Lahore Biryani,1,0.88%
1222,Gol Gappas,1,0.88%
1223,Walnut Cake,1,0.88%
1224,Dahi Bhallas,1,0.88%
1225,Bun Kebabs,1,0.88%
1226,Arabian Paratha,1,0.88%
1227,Bone Marrow Biryani,1,0.88%
1228,Fish Kata-Kat,1,0.88%
1229,Mixed Grill,1,0.88%
1230,Prawns Karahi,1,0.88%
1231,Nalli Nihari,1,0.88%
1232,Chapatti,1,0.88%
1233,Green Chutney,1,0.88%
1234,Salin,1,0.88%
1235,Qeema Gobhi,1,0.88%
1236,Desi Chicken Yakhni,1,0.88%
1237,Aloo Bukhara Chatni,1,0.88%
1238,Sheermall,1,0.88%
1239,Mutton Neck Yakhni,1,0.88%
1240,Gol Gapay,1,0.88%
1241,Pakistani Sweets,1,0.88%
1242,Seekh Kababs,1,0.88%
1243,Handi-Style Karahi,1,0.88%
1244,Kababs,1,0.88%
1245,Chicken Roll,1,0.88%
1246,Peshawari Chapli Kebab,1,0.88%
1247,Bihari Boti,1,0.88%
1248,Reshmi Kebab,1,0.88%
1249,Special Zarda,1,0.88%
1250,Beef Kebab,1,0.88%
1251,Aloo Biryani,1,0.88%
1252,Tikka Biryani,1,0.88%
1253,Desi Murgh Yakhni,1,0.88%
1254,Raan Tandoori,1,0.88%
1255,Mutton Kunna,1,0.88%
1256,Murgh Kashmiri,1,0.88%
1257,Mutton Nalli,1,0.88%
1258,Qeema Naan,1,0.88%
1259,Family Platter,1,0.88%
1260,Mutton Joint Roast,1,0.88%
1261,Murgh Makhni,1,0.88%
1262,Mutton Ribs,1,0.88%
1263,Mutton Gola Kabab,1,0.88%
1264,Tawa Chicken Qeema,1,0.88%
1265,Balochi Namkeen Gosht,1,0.88%
1266,Karak Chai,1,0.88%
1267,Mutton Shank Rogan-e-Josh,1,0.88%
1268,Beef Khoya Kabab,1,0.88%
1269,Adraki Chai,1,0.88%
1270,Landi Kotal Karahi,1,0.88%
1271,Peshawari Qehwa,1,0.88%
1272,Masala Chai,1,0.88%
1273,Murgh Handi,1,0.88%
1274,Tawa Mutton Qeema,1,0.88%
1275,Behari Kabab,1,0.88%
1276,Maghaz Masala,1,0.88%
1277,Desi Murgh Karahi,1,0.88%
1278,Kulfi & Faluda,1,0.88%
1279,Qandhari Roti,1,0.88%
1280,Spice Bazaar Mix Grill -2,1,0.88%
1281,Butter Rice,1,0.88%
1282,Chicken Cheese Kabab,1,0.88%
1283,Shahi Kheer,1,0.88%
1284,Mutton Chilman Biryani,1,0.88%
1285,Tawa Champ,1,0.88%
1286,Haryali Boti,1,0.88%
1287,Sindhi Matka Biryani,1,0.88%
1288,Mutton Khoya Kabab,1,0.88%
1289,Murgh Multani White Karahi,1,0.88%
1290,Shahi Raan,1,0.88%
1291,Multani Mutton White Karahi,1,0.88%
1292,Chicken Tangdri Kabab,1,0.88%
1293,Spice Bazaar Mix Grill -1,1,0.88%
1294,Cholistani Pulao,1,0.88%
1295,Chana Masala,1,0.88%
1296,Rusks,1,0.88%
1297,Daal Seu,1,0.88%
1298,Dahi Bhala,1,0.88%
1299,Sheermal,1,0.88%
1300,Golgappe,1,0.88%
1301,Moringa Flowerbud Curry,1,0.88%
1302,Kelawo,1,0.88%
1303,Samosa Chaat,1,0.88%
1304,Ghilmindi,1,0.88%
1305,Rosehip Oil Bread,1,0.88%
1306,Bakerkhani,1,0.88%
1307,Tandoori Rotis,1,0.88%
1308,Chapshoro,1,0.88%
1309,Beef Pulao,1,0.88%
1310,Kalli,1,0.88%
1311,Qulfi,1,0.88%
1312,Phikka Khoya,1,0.88%
1313,Kofte,1,0.88%
1314,Makai Da Sitta,1,0.88%
1315,Nāshtā,1,0.88%
1316,Katchauri,1,0.88%
1317,Palo Fish,1,0.88%
1318,Bhail Puri,1,0.88%
1319,Masala Stews,1,0.88%
1320,Kharoray,1,0.88%
1321,Malai Tikka Kebab,1,0.88%
1322,Makai Roti,1,0.88%
1323,Reshami Kebab,1,0.88%
1324,Karhi,1,0.88%
1325,Bhugal Gosht,1,0.88%
1326,Buckwheat Bread,1,0.88%
1327,Cutlass,1,0.88%
1328,Multani Halwa,1,0.88%
1329,Gajraila,1,0.88%
1330,Almond Bread,1,0.88%
1331,Shorba,1,0.88%
1332,Egg Rolls,1,0.88%
1333,Lab E Shireen,1,0.88%
1334,Zarda Rice,1,0.88%
1335,Doodh Dulari,1,0.88%
1336,Beef Behari Boti,1,0.88%
1337,Mutton Kunna Paya,1,0.88%
1338,Fish Tikka Boti,1,0.88%
1339,Masala Biryani,1,0.88%
1340,Chicken Red Sauce,1,0.88%
1341,Chicken Fillet,1,0.88%
1342,Puri Paratha,1,0.88%
1343,Shahi Batair,1,0.88%
1344,Chicken Labnese Kabab,1,0.88%
1345,Beef Chulu Kabab,1,0.88%
1346,Beef Shami Kabab,1,0.88%
1347,Grilled Fish,1,0.88%
1348,Desi Chicken Karahi,1,0.88%
1349,Dahi Bhara,1,0.88%
1350,Murgh Channay,1,0.88%
1351,Qeema Wala Naan,1,0.88%
1352,Tawa Chicken,1,0.88%
1353,Phajjay Ke Paye,1,0.88%
1354,Deep-Fried Fish,1,0.88%
1355,Beef Fry Nihari,1,0.88%
1356,Pathoray,1,0.88%
1357,Desi Mutton Chops,1,0.88%
1358,Mughlai Biryani,1,0.88%
1359,Kashmiri Daal Chawal,1,0.88%
1360,Tandoori Chicken Skewers,1,0.88%
1361,Palak,1,0.88%
1362,Methi Aloo,1,0.88%
1363,Aloo Samosas,1,0.88%
1364,Unda Paratha,1,0.88%
1365,Lobia Paratha,1,0.88%
1366,Mixed Vegetable,1,0.88%
1367,Khitcheri,1,0.88%
1368,Naan Channa,1,0.88%
1369,Ande Aloo,1,0.88%
1370,Aloo Mutter,1,0.88%
1371,Aloo Salan,1,0.88%
1372,Arvi Bengan,1,0.88%
1373,Ladoo,1,0.88%
1374,Palak Bhindi,1,0.88%
1375,Kadhi Pakora,1,0.88%
1376,Khatti Moong Daal,1,0.88%
1377,Karela Sabzi,1,0.88%
1378,Lobia Masala,1,0.88%
1379,Apricot Juice,1,0.88%
1380,Spiced Lamb Skewers,1,0.88%
1381,Chicken Korma,1,0.88%
1382,Tandoori,1,0.88%
1383,Balti Gosht,1,0.88%
1384,Behari Kebab,1,0.88%
1385,Zafrani Kulfi,1,0.88%
1386,Dahi Bhalla Chaat,1,0.88%
1387,Chicken Spaghetti,1,0.88%
1388,Pakistani Chicken Shorba,1,0.88%
1389,Waheed K Fry Kabab,1,0.88%
1390,Degchi Kabab,1,0.88%
1391,Kidneys,1,0.88%
1392,Lauki Ka Halwa,1,0.88%
1393,Resha Kabab,1,0.88%
1394,Chicken Bihari Boti,1,0.88%
1395,Tikka Masala,1,0.88%
1396,Tamatar Gosht,1,0.88%
1397,Gur Waley Chawal,1,0.88%
1398,Petha Halwa,1,0.88%
1399,Fruit Trifle Dessert,1,0.88%
1400,Mutanjan Chawal,1,0.88%
1401,Chicken Biriyani,1,0.88%
